"Geslacht";"Leeftijd";"Burgerlijke staat";"Perioden";"Regio's";"Bevolking op 1 januari (aantal)"
"Totaal mannen en vrouwen";"Totaal";"Totaal burgerlijke staat";"2021";"Aa en Hunze";25399
"Totaal mannen en vrouwen";"Totaal";"Totaal burgerlijke staat";"2021";"Aalburg";
"Totaal mannen en vrouwen";"Totaal";"Totaal burgerlijke staat";"2021";"Aalsmeer";31991
"Totaal mannen en vrouwen";"Totaal";"Totaal burgerlijke staat";"2021";"Aalten";27120
"Totaal mannen en vrouwen";"Totaal";"Totaal burgerlijke staat";"2021";"Ter Aar";
"Totaal mannen en vrouwen";"Totaal";"Totaal burgerlijke staat";"2021";"Aardenburg";
"Totaal mannen en vrouwen";"Totaal";"Totaal burgerlijke staat";"2021";"Aarle-Rixtel";
"Totaal mannen en vrouwen";"Totaal";"Totaal burgerlijke staat";"2021";"Abcoude";
"Totaal mannen en vrouwen";"Totaal";"Totaal burgerlijke staat";"2021";"Achtkarspelen";27900
"Totaal mannen en vrouwen";"Totaal";"Totaal burgerlijke staat";"2021";"Adorp";
"Totaal mannen en vrouwen";"Totaal";"Totaal burgerlijke staat";"2021";"Aduard";
"Totaal mannen en vrouwen";"Totaal";"Totaal burgerlijke staat";"2021";"Akersloot";
"Totaal mannen en vrouwen";"Totaal";"Totaal burgerlijke staat";"2021";"Alblasserdam";20136
"Totaal mannen en vrouwen";"Totaal";"Totaal burgerlijke staat";"2021";"Albrandswaard";25814
"Totaal mannen en vrouwen";"Totaal";"Totaal burgerlijke staat";"2021";"Alkemade";
"Totaal mannen en vrouwen";"Totaal";"Totaal burgerlijke staat";"2021";"Alkmaar";109896
"Totaal mannen en vrouwen";"Totaal";"Totaal burgerlijke staat";"2021";"Almelo";73132
"Totaal mannen en vrouwen";"Totaal";"Totaal burgerlijke staat";"2021";"Almere";214715
"Totaal mannen en vrouwen";"Totaal";"Totaal burgerlijke staat";"2021";"Alphen aan den Rijn";112587
"Totaal mannen en vrouwen";"Totaal";"Totaal burgerlijke staat";"2021";"Alphen en Riel";
"Totaal mannen en vrouwen";"Totaal";"Totaal burgerlijke staat";"2021";"Alphen-Chaam";10373
"Totaal mannen en vrouwen";"Totaal";"Totaal burgerlijke staat";"2021";"Altena";56352
"Totaal mannen en vrouwen";"Totaal";"Totaal burgerlijke staat";"2021";"Ambt Delden";
"Totaal mannen en vrouwen";"Totaal";"Totaal burgerlijke staat";"2021";"Ambt Montfort";
"Totaal mannen en vrouwen";"Totaal";"Totaal burgerlijke staat";"2021";"Ameland";3746
"Totaal mannen en vrouwen";"Totaal";"Totaal burgerlijke staat";"2021";"Amerongen";
"Totaal mannen en vrouwen";"Totaal";"Totaal burgerlijke staat";"2021";"Amersfoort";157462
"Totaal mannen en vrouwen";"Totaal";"Totaal burgerlijke staat";"2021";"Ammerzoden";
"Totaal mannen en vrouwen";"Totaal";"Totaal burgerlijke staat";"2021";"Amstelveen";90829
"Totaal mannen en vrouwen";"Totaal";"Totaal burgerlijke staat";"2021";"Amsterdam";873338
"Totaal mannen en vrouwen";"Totaal";"Totaal burgerlijke staat";"2021";"Andijk";
"Totaal mannen en vrouwen";"Totaal";"Totaal burgerlijke staat";"2021";"Angerlo";
"Totaal mannen en vrouwen";"Totaal";"Totaal burgerlijke staat";"2021";"Anloo";
"Totaal mannen en vrouwen";"Totaal";"Totaal burgerlijke staat";"2021";"Anna Paulowna";
"Totaal mannen en vrouwen";"Totaal";"Totaal burgerlijke staat";"2021";"Apeldoorn";164781
"Totaal mannen en vrouwen";"Totaal";"Totaal burgerlijke staat";"2021";"Appingedam";
"Totaal mannen en vrouwen";"Totaal";"Totaal burgerlijke staat";"2021";"Arcen en Velden";
"Totaal mannen en vrouwen";"Totaal";"Totaal burgerlijke staat";"2021";"Arnemuiden";
"Totaal mannen en vrouwen";"Totaal";"Totaal burgerlijke staat";"2021";"Arnhem";162424
"Totaal mannen en vrouwen";"Totaal";"Totaal burgerlijke staat";"2021";"Assen";68836
"Totaal mannen en vrouwen";"Totaal";"Totaal burgerlijke staat";"2021";"Asten";16817
"Totaal mannen en vrouwen";"Totaal";"Totaal burgerlijke staat";"2021";"Avereest";
"Totaal mannen en vrouwen";"Totaal";"Totaal burgerlijke staat";"2021";"Axel";
"Totaal mannen en vrouwen";"Totaal";"Totaal burgerlijke staat";"2021";"Baarle-Nassau";6899
"Totaal mannen en vrouwen";"Totaal";"Totaal burgerlijke staat";"2021";"Baarn";24792
"Totaal mannen en vrouwen";"Totaal";"Totaal burgerlijke staat";"2021";"Baexem";
"Totaal mannen en vrouwen";"Totaal";"Totaal burgerlijke staat";"2021";"Baflo";
"Totaal mannen en vrouwen";"Totaal";"Totaal burgerlijke staat";"2021";"Bakel en Milheeze";
"Totaal mannen en vrouwen";"Totaal";"Totaal burgerlijke staat";"2021";"Barendrecht";48643
"Totaal mannen en vrouwen";"Totaal";"Totaal burgerlijke staat";"2021";"Barneveld";59992
"Totaal mannen en vrouwen";"Totaal";"Totaal burgerlijke staat";"2021";"Barsingerhorn";
"Totaal mannen en vrouwen";"Totaal";"Totaal burgerlijke staat";"2021";"Bathmen";
"Totaal mannen en vrouwen";"Totaal";"Totaal burgerlijke staat";"2021";"Bedum";
"Totaal mannen en vrouwen";"Totaal";"Totaal burgerlijke staat";"2021";"Beegden";
"Totaal mannen en vrouwen";"Totaal";"Totaal burgerlijke staat";"2021";"Beek";15875
"Totaal mannen en vrouwen";"Totaal";"Totaal burgerlijke staat";"2021";"Beek en Donk";
"Totaal mannen en vrouwen";"Totaal";"Totaal burgerlijke staat";"2021";"Beekdaelen";36065
"Totaal mannen en vrouwen";"Totaal";"Totaal burgerlijke staat";"2021";"Beemster";10110
"Totaal mannen en vrouwen";"Totaal";"Totaal burgerlijke staat";"2021";"Beers";
"Totaal mannen en vrouwen";"Totaal";"Totaal burgerlijke staat";"2021";"Beerta";
"Totaal mannen en vrouwen";"Totaal";"Totaal burgerlijke staat";"2021";"Beesel";13450
"Totaal mannen en vrouwen";"Totaal";"Totaal burgerlijke staat";"2021";"Beilen";
"Totaal mannen en vrouwen";"Totaal";"Totaal burgerlijke staat";"2021";"Belfeld";
"Totaal mannen en vrouwen";"Totaal";"Totaal burgerlijke staat";"2021";"Bellingwedde";
"Totaal mannen en vrouwen";"Totaal";"Totaal burgerlijke staat";"2021";"Bemmel";
"Totaal mannen en vrouwen";"Totaal";"Totaal burgerlijke staat";"2021";"Bennebroek";
"Totaal mannen en vrouwen";"Totaal";"Totaal burgerlijke staat";"2021";"Benschop";
"Totaal mannen en vrouwen";"Totaal";"Totaal burgerlijke staat";"2021";"Benthuizen";
"Totaal mannen en vrouwen";"Totaal";"Totaal burgerlijke staat";"2021";"Berg en Dal";35010
"Totaal mannen en vrouwen";"Totaal";"Totaal burgerlijke staat";"2021";"Bergambacht";
"Totaal mannen en vrouwen";"Totaal";"Totaal burgerlijke staat";"2021";"Bergeijk";18754
"Totaal mannen en vrouwen";"Totaal";"Totaal burgerlijke staat";"2021";"Bergen (L.)";13108
"Totaal mannen en vrouwen";"Totaal";"Totaal burgerlijke staat";"2021";"Bergen (NH.)";29715
"Totaal mannen en vrouwen";"Totaal";"Totaal burgerlijke staat";"2021";"Bergen op Zoom";67514
"Totaal mannen en vrouwen";"Totaal";"Totaal burgerlijke staat";"2021";"Bergeyk";
"Totaal mannen en vrouwen";"Totaal";"Totaal burgerlijke staat";"2021";"Bergh";
"Totaal mannen en vrouwen";"Totaal";"Totaal burgerlijke staat";"2021";"Berghem";
"Totaal mannen en vrouwen";"Totaal";"Totaal burgerlijke staat";"2021";"Bergschenhoek";
"Totaal mannen en vrouwen";"Totaal";"Totaal burgerlijke staat";"2021";"Berkel en Rodenrijs";
"Totaal mannen en vrouwen";"Totaal";"Totaal burgerlijke staat";"2021";"Berkel-Enschot";
"Totaal mannen en vrouwen";"Totaal";"Totaal burgerlijke staat";"2021";"Berkelland";43846
"Totaal mannen en vrouwen";"Totaal";"Totaal burgerlijke staat";"2021";"Berlicum";
"Totaal mannen en vrouwen";"Totaal";"Totaal burgerlijke staat";"2021";"Bernheze";31455
"Totaal mannen en vrouwen";"Totaal";"Totaal burgerlijke staat";"2021";"Bernisse";
"Totaal mannen en vrouwen";"Totaal";"Totaal burgerlijke staat";"2021";"Best";30216
"Totaal mannen en vrouwen";"Totaal";"Totaal burgerlijke staat";"2021";"Beuningen";26157
"Totaal mannen en vrouwen";"Totaal";"Totaal burgerlijke staat";"2021";"Beverwijk";41863
"Totaal mannen en vrouwen";"Totaal";"Totaal burgerlijke staat";"2021";"Bierum";
"Totaal mannen en vrouwen";"Totaal";"Totaal burgerlijke staat";"2021";"het Bildt";
"Totaal mannen en vrouwen";"Totaal";"Totaal burgerlijke staat";"2021";"De Bilt";43384
"Totaal mannen en vrouwen";"Totaal";"Totaal burgerlijke staat";"2021";"Binnenmaas";
"Totaal mannen en vrouwen";"Totaal";"Totaal burgerlijke staat";"2021";"Bladel";20529
"Totaal mannen en vrouwen";"Totaal";"Totaal burgerlijke staat";"2021";"Bladel en Netersel";
"Totaal mannen en vrouwen";"Totaal";"Totaal burgerlijke staat";"2021";"Blaricum";11954
"Totaal mannen en vrouwen";"Totaal";"Totaal burgerlijke staat";"2021";"Bleiswijk";
"Totaal mannen en vrouwen";"Totaal";"Totaal burgerlijke staat";"2021";"Bloemendaal";23478
"Totaal mannen en vrouwen";"Totaal";"Totaal burgerlijke staat";"2021";"Boarnsterhim";
"Totaal mannen en vrouwen";"Totaal";"Totaal burgerlijke staat";"2021";"Bodegraven";
"Totaal mannen en vrouwen";"Totaal";"Totaal burgerlijke staat";"2021";"Bodegraven-Reeuwijk";35278
"Totaal mannen en vrouwen";"Totaal";"Totaal burgerlijke staat";"2021";"Boekel";10959
"Totaal mannen en vrouwen";"Totaal";"Totaal burgerlijke staat";"2021";"Ten Boer";
"Totaal mannen en vrouwen";"Totaal";"Totaal burgerlijke staat";"2021";"Bolsward";
"Totaal mannen en vrouwen";"Totaal";"Totaal burgerlijke staat";"2021";"Borculo";
"Totaal mannen en vrouwen";"Totaal";"Totaal burgerlijke staat";"2021";"Borger";
"Totaal mannen en vrouwen";"Totaal";"Totaal burgerlijke staat";"2021";"Borger-Odoorn";25598
"Totaal mannen en vrouwen";"Totaal";"Totaal burgerlijke staat";"2021";"Born";
"Totaal mannen en vrouwen";"Totaal";"Totaal burgerlijke staat";"2021";"Borne";23668
"Totaal mannen en vrouwen";"Totaal";"Totaal burgerlijke staat";"2021";"Borsele";22818
"Totaal mannen en vrouwen";"Totaal";"Totaal burgerlijke staat";"2021";"Boskoop";
"Totaal mannen en vrouwen";"Totaal";"Totaal burgerlijke staat";"2021";"Boxmeer";29609
"Totaal mannen en vrouwen";"Totaal";"Totaal burgerlijke staat";"2021";"Boxtel";32973
"Totaal mannen en vrouwen";"Totaal";"Totaal burgerlijke staat";"2021";"Brakel";
"Totaal mannen en vrouwen";"Totaal";"Totaal burgerlijke staat";"2021";"Breda";184126
"Totaal mannen en vrouwen";"Totaal";"Totaal burgerlijke staat";"2021";"Brederwiede";
"Totaal mannen en vrouwen";"Totaal";"Totaal burgerlijke staat";"2021";"Breukelen";
"Totaal mannen en vrouwen";"Totaal";"Totaal burgerlijke staat";"2021";"Brielle";17439
"Totaal mannen en vrouwen";"Totaal";"Totaal burgerlijke staat";"2021";"Broek in Waterland";
"Totaal mannen en vrouwen";"Totaal";"Totaal burgerlijke staat";"2021";"Broekhuizen";
"Totaal mannen en vrouwen";"Totaal";"Totaal burgerlijke staat";"2021";"Bronckhorst";36087
"Totaal mannen en vrouwen";"Totaal";"Totaal burgerlijke staat";"2021";"Brouwershaven";
"Totaal mannen en vrouwen";"Totaal";"Totaal burgerlijke staat";"2021";"Bruinisse";
"Totaal mannen en vrouwen";"Totaal";"Totaal burgerlijke staat";"2021";"Brummen";20884
"Totaal mannen en vrouwen";"Totaal";"Totaal burgerlijke staat";"2021";"Brunssum";27670
"Totaal mannen en vrouwen";"Totaal";"Totaal burgerlijke staat";"2021";"Budel";
"Totaal mannen en vrouwen";"Totaal";"Totaal burgerlijke staat";"2021";"Bunnik";15341
"Totaal mannen en vrouwen";"Totaal";"Totaal burgerlijke staat";"2021";"Bunschoten";22019
"Totaal mannen en vrouwen";"Totaal";"Totaal burgerlijke staat";"2021";"Buren";27009
"Totaal mannen en vrouwen";"Totaal";"Totaal burgerlijke staat";"2021";"Bussum";
"Totaal mannen en vrouwen";"Totaal";"Totaal burgerlijke staat";"2021";"Callantsoog";
"Totaal mannen en vrouwen";"Totaal";"Totaal burgerlijke staat";"2021";"Capelle aan den IJssel";67319
"Totaal mannen en vrouwen";"Totaal";"Totaal burgerlijke staat";"2021";"Castricum";36086
"Totaal mannen en vrouwen";"Totaal";"Totaal burgerlijke staat";"2021";"Chaam";
"Totaal mannen en vrouwen";"Totaal";"Totaal burgerlijke staat";"2021";"Coevorden";35317
"Totaal mannen en vrouwen";"Totaal";"Totaal burgerlijke staat";"2021";"Cothen";
"Totaal mannen en vrouwen";"Totaal";"Totaal burgerlijke staat";"2021";"Cranendonck";21001
"Totaal mannen en vrouwen";"Totaal";"Totaal burgerlijke staat";"2021";"Cromstrijen";
"Totaal mannen en vrouwen";"Totaal";"Totaal burgerlijke staat";"2021";"Cuijk";25404
"Totaal mannen en vrouwen";"Totaal";"Totaal burgerlijke staat";"2021";"Cuijk en Sint Agatha";
"Totaal mannen en vrouwen";"Totaal";"Totaal burgerlijke staat";"2021";"Culemborg";29121
"Totaal mannen en vrouwen";"Totaal";"Totaal burgerlijke staat";"2021";"Dalen";
"Totaal mannen en vrouwen";"Totaal";"Totaal burgerlijke staat";"2021";"Dalfsen";28901
"Totaal mannen en vrouwen";"Totaal";"Totaal burgerlijke staat";"2021";"Dantumadeel";
"Totaal mannen en vrouwen";"Totaal";"Totaal burgerlijke staat";"2021";"Dantumadiel";18943
"Totaal mannen en vrouwen";"Totaal";"Totaal burgerlijke staat";"2021";"Delft";103581
"Totaal mannen en vrouwen";"Totaal";"Totaal burgerlijke staat";"2021";"Delfzijl";
"Totaal mannen en vrouwen";"Totaal";"Totaal burgerlijke staat";"2021";"Denekamp";
"Totaal mannen en vrouwen";"Totaal";"Totaal burgerlijke staat";"2021";"Deurne";32437
"Totaal mannen en vrouwen";"Totaal";"Totaal burgerlijke staat";"2021";"Deventer";101236
"Totaal mannen en vrouwen";"Totaal";"Totaal burgerlijke staat";"2021";"Didam";
"Totaal mannen en vrouwen";"Totaal";"Totaal burgerlijke staat";"2021";"Diemen";31334
"Totaal mannen en vrouwen";"Totaal";"Totaal burgerlijke staat";"2021";"Diepenheim";
"Totaal mannen en vrouwen";"Totaal";"Totaal burgerlijke staat";"2021";"Diepenveen";
"Totaal mannen en vrouwen";"Totaal";"Totaal burgerlijke staat";"2021";"Diessen";
"Totaal mannen en vrouwen";"Totaal";"Totaal burgerlijke staat";"2021";"Diever";
"Totaal mannen en vrouwen";"Totaal";"Totaal burgerlijke staat";"2021";"Dinkelland";26606
"Totaal mannen en vrouwen";"Totaal";"Totaal burgerlijke staat";"2021";"Dinteloord en Prinsenland";
"Totaal mannen en vrouwen";"Totaal";"Totaal burgerlijke staat";"2021";"Dinxperlo";
"Totaal mannen en vrouwen";"Totaal";"Totaal burgerlijke staat";"2021";"Dirksland";
"Totaal mannen en vrouwen";"Totaal";"Totaal burgerlijke staat";"2021";"Dodewaard";
"Totaal mannen en vrouwen";"Totaal";"Totaal burgerlijke staat";"2021";"Doesburg";11064
"Totaal mannen en vrouwen";"Totaal";"Totaal burgerlijke staat";"2021";"Doetinchem";58270
"Totaal mannen en vrouwen";"Totaal";"Totaal burgerlijke staat";"2021";"Domburg";
"Totaal mannen en vrouwen";"Totaal";"Totaal burgerlijke staat";"2021";"Dongen";26368
"Totaal mannen en vrouwen";"Totaal";"Totaal burgerlijke staat";"2021";"Dongeradeel";
"Totaal mannen en vrouwen";"Totaal";"Totaal burgerlijke staat";"2021";"Doorn";
"Totaal mannen en vrouwen";"Totaal";"Totaal burgerlijke staat";"2021";"Dordrecht";119115
"Totaal mannen en vrouwen";"Totaal";"Totaal burgerlijke staat";"2021";"Drechterland";19838
"Totaal mannen en vrouwen";"Totaal";"Totaal burgerlijke staat";"2021";"Driebergen-Rijsenburg";
"Totaal mannen en vrouwen";"Totaal";"Totaal burgerlijke staat";"2021";"Driebruggen";
"Totaal mannen en vrouwen";"Totaal";"Totaal burgerlijke staat";"2021";"Drimmelen";27325
"Totaal mannen en vrouwen";"Totaal";"Totaal burgerlijke staat";"2021";"Dronten";42011
"Totaal mannen en vrouwen";"Totaal";"Totaal burgerlijke staat";"2021";"Drunen";
"Totaal mannen en vrouwen";"Totaal";"Totaal burgerlijke staat";"2021";"Druten";18991
"Totaal mannen en vrouwen";"Totaal";"Totaal burgerlijke staat";"2021";"Duiveland";
"Totaal mannen en vrouwen";"Totaal";"Totaal burgerlijke staat";"2021";"Duiven";25066
"Totaal mannen en vrouwen";"Totaal";"Totaal burgerlijke staat";"2021";"Den Dungen";
"Totaal mannen en vrouwen";"Totaal";"Totaal burgerlijke staat";"2021";"Dussen";
"Totaal mannen en vrouwen";"Totaal";"Totaal burgerlijke staat";"2021";"Dwingeloo";
"Totaal mannen en vrouwen";"Totaal";"Totaal burgerlijke staat";"2021";"Echt";
"Totaal mannen en vrouwen";"Totaal";"Totaal burgerlijke staat";"2021";"Echteld";
"Totaal mannen en vrouwen";"Totaal";"Totaal burgerlijke staat";"2021";"Echt-Susteren";31751
"Totaal mannen en vrouwen";"Totaal";"Totaal burgerlijke staat";"2021";"Edam-Volendam";36268
"Totaal mannen en vrouwen";"Totaal";"Totaal burgerlijke staat";"2021";"Ede";118530
"Totaal mannen en vrouwen";"Totaal";"Totaal burgerlijke staat";"2021";"Eelde";
"Totaal mannen en vrouwen";"Totaal";"Totaal burgerlijke staat";"2021";"Eemnes";9362
"Totaal mannen en vrouwen";"Totaal";"Totaal burgerlijke staat";"2021";"Eemsdelta";45587
"Totaal mannen en vrouwen";"Totaal";"Totaal burgerlijke staat";"2021";"Eemsmond";
"Totaal mannen en vrouwen";"Totaal";"Totaal burgerlijke staat";"2021";"Eenrum";
"Totaal mannen en vrouwen";"Totaal";"Totaal burgerlijke staat";"2021";"Eersel";19528
"Totaal mannen en vrouwen";"Totaal";"Totaal burgerlijke staat";"2021";"Egmond";
"Totaal mannen en vrouwen";"Totaal";"Totaal burgerlijke staat";"2021";"Eibergen";
"Totaal mannen en vrouwen";"Totaal";"Totaal burgerlijke staat";"2021";"Eijsden";
"Totaal mannen en vrouwen";"Totaal";"Totaal burgerlijke staat";"2021";"Eijsden-Margraten";25900
"Totaal mannen en vrouwen";"Totaal";"Totaal burgerlijke staat";"2021";"Eindhoven";235691
"Totaal mannen en vrouwen";"Totaal";"Totaal burgerlijke staat";"2021";"Elburg";23429
"Totaal mannen en vrouwen";"Totaal";"Totaal burgerlijke staat";"2021";"Elst";
"Totaal mannen en vrouwen";"Totaal";"Totaal burgerlijke staat";"2021";"Emmen";107024
"Totaal mannen en vrouwen";"Totaal";"Totaal burgerlijke staat";"2021";"Enkhuizen";18637
"Totaal mannen en vrouwen";"Totaal";"Totaal burgerlijke staat";"2021";"Enschede";159732
"Totaal mannen en vrouwen";"Totaal";"Totaal burgerlijke staat";"2021";"Epe";33198
"Totaal mannen en vrouwen";"Totaal";"Totaal burgerlijke staat";"2021";"Ermelo";27016
"Totaal mannen en vrouwen";"Totaal";"Totaal burgerlijke staat";"2021";"Erp";
"Totaal mannen en vrouwen";"Totaal";"Totaal burgerlijke staat";"2021";"Esch";
"Totaal mannen en vrouwen";"Totaal";"Totaal burgerlijke staat";"2021";"Etten-Leur";43869
"Totaal mannen en vrouwen";"Totaal";"Totaal burgerlijke staat";"2021";"Ezinge";
"Totaal mannen en vrouwen";"Totaal";"Totaal burgerlijke staat";"2021";"Ferwerderadeel";
"Totaal mannen en vrouwen";"Totaal";"Totaal burgerlijke staat";"2021";"Ferwerderadiel";
"Totaal mannen en vrouwen";"Totaal";"Totaal burgerlijke staat";"2021";"Fijnaart en Heijningen";
"Totaal mannen en vrouwen";"Totaal";"Totaal burgerlijke staat";"2021";"Finsterwolde";
"Totaal mannen en vrouwen";"Totaal";"Totaal burgerlijke staat";"2021";"Franekeradeel";
"Totaal mannen en vrouwen";"Totaal";"Totaal burgerlijke staat";"2021";"De Friese Meren";
"Totaal mannen en vrouwen";"Totaal";"Totaal burgerlijke staat";"2021";"De Fryske Marren";51778
"Totaal mannen en vrouwen";"Totaal";"Totaal burgerlijke staat";"2021";"Gaasterlân-Sleat";
"Totaal mannen en vrouwen";"Totaal";"Totaal burgerlijke staat";"2021";"Gasselte";
"Totaal mannen en vrouwen";"Totaal";"Totaal burgerlijke staat";"2021";"Geertruidenberg";21770
"Totaal mannen en vrouwen";"Totaal";"Totaal burgerlijke staat";"2021";"Geffen";
"Totaal mannen en vrouwen";"Totaal";"Totaal burgerlijke staat";"2021";"Geldermalsen";
"Totaal mannen en vrouwen";"Totaal";"Totaal burgerlijke staat";"2021";"Geldrop";
"Totaal mannen en vrouwen";"Totaal";"Totaal burgerlijke staat";"2021";"Geldrop-Mierlo";40066
"Totaal mannen en vrouwen";"Totaal";"Totaal burgerlijke staat";"2021";"Geleen";
"Totaal mannen en vrouwen";"Totaal";"Totaal burgerlijke staat";"2021";"Gemert";
"Totaal mannen en vrouwen";"Totaal";"Totaal burgerlijke staat";"2021";"Gemert-Bakel";30760
"Totaal mannen en vrouwen";"Totaal";"Totaal burgerlijke staat";"2021";"Gendringen";
"Totaal mannen en vrouwen";"Totaal";"Totaal burgerlijke staat";"2021";"Gendt";
"Totaal mannen en vrouwen";"Totaal";"Totaal burgerlijke staat";"2021";"Genemuiden";
"Totaal mannen en vrouwen";"Totaal";"Totaal burgerlijke staat";"2021";"Gennep";17035
"Totaal mannen en vrouwen";"Totaal";"Totaal burgerlijke staat";"2021";"Giessenlanden";
"Totaal mannen en vrouwen";"Totaal";"Totaal burgerlijke staat";"2021";"Gieten";
"Totaal mannen en vrouwen";"Totaal";"Totaal burgerlijke staat";"2021";"Gilze en Rijen";26723
"Totaal mannen en vrouwen";"Totaal";"Totaal burgerlijke staat";"2021";"Goedereede";
"Totaal mannen en vrouwen";"Totaal";"Totaal burgerlijke staat";"2021";"Goeree-Overflakkee";50589
"Totaal mannen en vrouwen";"Totaal";"Totaal burgerlijke staat";"2021";"Goes";38594
"Totaal mannen en vrouwen";"Totaal";"Totaal burgerlijke staat";"2021";"Goirle";23952
"Totaal mannen en vrouwen";"Totaal";"Totaal burgerlijke staat";"2021";"Gooise Meren";58524
"Totaal mannen en vrouwen";"Totaal";"Totaal burgerlijke staat";"2021";"Goor";
"Totaal mannen en vrouwen";"Totaal";"Totaal burgerlijke staat";"2021";"Gorinchem";37410
"Totaal mannen en vrouwen";"Totaal";"Totaal burgerlijke staat";"2021";"Gorssel";
"Totaal mannen en vrouwen";"Totaal";"Totaal burgerlijke staat";"2021";"Gouda";73681
"Totaal mannen en vrouwen";"Totaal";"Totaal burgerlijke staat";"2021";"Graafstroom";
"Totaal mannen en vrouwen";"Totaal";"Totaal burgerlijke staat";"2021";"Graft-De Rijp";
"Totaal mannen en vrouwen";"Totaal";"Totaal burgerlijke staat";"2021";"Gramsbergen";
"Totaal mannen en vrouwen";"Totaal";"Totaal burgerlijke staat";"2021";"Grathem";
"Totaal mannen en vrouwen";"Totaal";"Totaal burgerlijke staat";"2021";"Grave";12486
"Totaal mannen en vrouwen";"Totaal";"Totaal burgerlijke staat";"2021";"'s-Graveland";
"Totaal mannen en vrouwen";"Totaal";"Totaal burgerlijke staat";"2021";"'s-Gravendeel";
"Totaal mannen en vrouwen";"Totaal";"Totaal burgerlijke staat";"2021";"'s-Gravenhage";548320
"Totaal mannen en vrouwen";"Totaal";"Totaal burgerlijke staat";"2021";"'s-Gravenmoer";
"Totaal mannen en vrouwen";"Totaal";"Totaal burgerlijke staat";"2021";"'s-Gravenzande";
"Totaal mannen en vrouwen";"Totaal";"Totaal burgerlijke staat";"2021";"Grijpskerk";
"Totaal mannen en vrouwen";"Totaal";"Totaal burgerlijke staat";"2021";"Groenlo";
"Totaal mannen en vrouwen";"Totaal";"Totaal burgerlijke staat";"2021";"Groesbeek";
"Totaal mannen en vrouwen";"Totaal";"Totaal burgerlijke staat";"2021";"Groningen";233273
"Totaal mannen en vrouwen";"Totaal";"Totaal burgerlijke staat";"2021";"Grootegast";
"Totaal mannen en vrouwen";"Totaal";"Totaal burgerlijke staat";"2021";"Grubbenvorst";
"Totaal mannen en vrouwen";"Totaal";"Totaal burgerlijke staat";"2021";"Gulpen";
"Totaal mannen en vrouwen";"Totaal";"Totaal burgerlijke staat";"2021";"Gulpen-Wittem";14206
"Totaal mannen en vrouwen";"Totaal";"Totaal burgerlijke staat";"2021";"Haaksbergen";24229
"Totaal mannen en vrouwen";"Totaal";"Totaal burgerlijke staat";"2021";"Haaren";
"Totaal mannen en vrouwen";"Totaal";"Totaal burgerlijke staat";"2021";"Haarlem";162543
"Totaal mannen en vrouwen";"Totaal";"Totaal burgerlijke staat";"2021";"Haarlemmerliede en Spaarnwoude";
"Totaal mannen en vrouwen";"Totaal";"Totaal burgerlijke staat";"2021";"Haarlemmermeer";157789
"Totaal mannen en vrouwen";"Totaal";"Totaal burgerlijke staat";"2021";"Haelen";
"Totaal mannen en vrouwen";"Totaal";"Totaal burgerlijke staat";"2021";"Halderberge";30430
"Totaal mannen en vrouwen";"Totaal";"Totaal burgerlijke staat";"2021";"Halsteren";
"Totaal mannen en vrouwen";"Totaal";"Totaal burgerlijke staat";"2021";"Den Ham";
"Totaal mannen en vrouwen";"Totaal";"Totaal burgerlijke staat";"2021";"Haps";
"Totaal mannen en vrouwen";"Totaal";"Totaal burgerlijke staat";"2021";"Hardenberg";61357
"Totaal mannen en vrouwen";"Totaal";"Totaal burgerlijke staat";"2021";"Harderwijk";48726
"Totaal mannen en vrouwen";"Totaal";"Totaal burgerlijke staat";"2021";"Hardinxveld-Giessendam";18413
"Totaal mannen en vrouwen";"Totaal";"Totaal burgerlijke staat";"2021";"Haren";
"Totaal mannen en vrouwen";"Totaal";"Totaal burgerlijke staat";"2021";"Harenkarspel";
"Totaal mannen en vrouwen";"Totaal";"Totaal burgerlijke staat";"2021";"Harlingen";15807
"Totaal mannen en vrouwen";"Totaal";"Totaal burgerlijke staat";"2021";"Harmelen";
"Totaal mannen en vrouwen";"Totaal";"Totaal burgerlijke staat";"2021";"Hasselt";
"Totaal mannen en vrouwen";"Totaal";"Totaal burgerlijke staat";"2021";"Hattem";12228
"Totaal mannen en vrouwen";"Totaal";"Totaal burgerlijke staat";"2021";"Havelte";
"Totaal mannen en vrouwen";"Totaal";"Totaal burgerlijke staat";"2021";"Hazerswoude";
"Totaal mannen en vrouwen";"Totaal";"Totaal burgerlijke staat";"2021";"Hedel";
"Totaal mannen en vrouwen";"Totaal";"Totaal burgerlijke staat";"2021";"Heel";
"Totaal mannen en vrouwen";"Totaal";"Totaal burgerlijke staat";"2021";"Heel en Panheel";
"Totaal mannen en vrouwen";"Totaal";"Totaal burgerlijke staat";"2021";"Heemskerk";39191
"Totaal mannen en vrouwen";"Totaal";"Totaal burgerlijke staat";"2021";"Heemstede";27545
"Totaal mannen en vrouwen";"Totaal";"Totaal burgerlijke staat";"2021";"Heerde";18776
"Totaal mannen en vrouwen";"Totaal";"Totaal burgerlijke staat";"2021";"Heerenveen";50650
"Totaal mannen en vrouwen";"Totaal";"Totaal burgerlijke staat";"2021";"Heerewaarden";
"Totaal mannen en vrouwen";"Totaal";"Totaal burgerlijke staat";"2021";"Heerhugowaard";58387
"Totaal mannen en vrouwen";"Totaal";"Totaal burgerlijke staat";"2021";"Heerjansdam";
"Totaal mannen en vrouwen";"Totaal";"Totaal burgerlijke staat";"2021";"Heerlen";86936
"Totaal mannen en vrouwen";"Totaal";"Totaal burgerlijke staat";"2021";"Heesch";
"Totaal mannen en vrouwen";"Totaal";"Totaal burgerlijke staat";"2021";"Heeswijk-Dinther";
"Totaal mannen en vrouwen";"Totaal";"Totaal burgerlijke staat";"2021";"Heeze";
"Totaal mannen en vrouwen";"Totaal";"Totaal burgerlijke staat";"2021";"Heeze-Leende";16243
"Totaal mannen en vrouwen";"Totaal";"Totaal burgerlijke staat";"2021";"Hefshuizen";
"Totaal mannen en vrouwen";"Totaal";"Totaal burgerlijke staat";"2021";"Heiloo";24144
"Totaal mannen en vrouwen";"Totaal";"Totaal burgerlijke staat";"2021";"Heino";
"Totaal mannen en vrouwen";"Totaal";"Totaal burgerlijke staat";"2021";"Helden";
"Totaal mannen en vrouwen";"Totaal";"Totaal burgerlijke staat";"2021";"Den Helder";56582
"Totaal mannen en vrouwen";"Totaal";"Totaal burgerlijke staat";"2021";"Hellendoorn";35932
"Totaal mannen en vrouwen";"Totaal";"Totaal burgerlijke staat";"2021";"Hellevoetsluis";40312
"Totaal mannen en vrouwen";"Totaal";"Totaal burgerlijke staat";"2021";"Helmond";92627
"Totaal mannen en vrouwen";"Totaal";"Totaal burgerlijke staat";"2021";"Helvoirt";
"Totaal mannen en vrouwen";"Totaal";"Totaal burgerlijke staat";"2021";"Hendrik-Ido-Ambacht";31258
"Totaal mannen en vrouwen";"Totaal";"Totaal burgerlijke staat";"2021";"Hengelo (Gld.)";
"Totaal mannen en vrouwen";"Totaal";"Totaal burgerlijke staat";"2021";"Hengelo";81049
"Totaal mannen en vrouwen";"Totaal";"Totaal burgerlijke staat";"2021";"Herten";
"Totaal mannen en vrouwen";"Totaal";"Totaal burgerlijke staat";"2021";"'s-Hertogenbosch";155490
"Totaal mannen en vrouwen";"Totaal";"Totaal burgerlijke staat";"2021";"Heteren";
"Totaal mannen en vrouwen";"Totaal";"Totaal burgerlijke staat";"2021";"Heumen";16569
"Totaal mannen en vrouwen";"Totaal";"Totaal burgerlijke staat";"2021";"Heusden";45005
"Totaal mannen en vrouwen";"Totaal";"Totaal burgerlijke staat";"2021";"Heythuysen";
"Totaal mannen en vrouwen";"Totaal";"Totaal burgerlijke staat";"2021";"Hillegom";22197
"Totaal mannen en vrouwen";"Totaal";"Totaal burgerlijke staat";"2021";"Hilvarenbeek";15698
"Totaal mannen en vrouwen";"Totaal";"Totaal burgerlijke staat";"2021";"Hilversum";91235
"Totaal mannen en vrouwen";"Totaal";"Totaal burgerlijke staat";"2021";"Hoeksche Waard";88047
"Totaal mannen en vrouwen";"Totaal";"Totaal burgerlijke staat";"2021";"Hoevelaken";
"Totaal mannen en vrouwen";"Totaal";"Totaal burgerlijke staat";"2021";"Hoeven";
"Totaal mannen en vrouwen";"Totaal";"Totaal burgerlijke staat";"2021";"Hof van Twente";35040
"Totaal mannen en vrouwen";"Totaal";"Totaal burgerlijke staat";"2021";"Het Hogeland";47834
"Totaal mannen en vrouwen";"Totaal";"Totaal burgerlijke staat";"2021";"Hollands Kroon";48583
"Totaal mannen en vrouwen";"Totaal";"Totaal burgerlijke staat";"2021";"Holten";
"Totaal mannen en vrouwen";"Totaal";"Totaal burgerlijke staat";"2021";"Hontenisse";
"Totaal mannen en vrouwen";"Totaal";"Totaal burgerlijke staat";"2021";"Hooge en Lage Mierde";
"Totaal mannen en vrouwen";"Totaal";"Totaal burgerlijke staat";"2021";"Hooge en Lage Zwaluwe";
"Totaal mannen en vrouwen";"Totaal";"Totaal burgerlijke staat";"2021";"Hoogeloon, Hapert en Casteren";
"Totaal mannen en vrouwen";"Totaal";"Totaal burgerlijke staat";"2021";"Hoogeveen";55603
"Totaal mannen en vrouwen";"Totaal";"Totaal burgerlijke staat";"2021";"Hoogezand-Sappemeer";
"Totaal mannen en vrouwen";"Totaal";"Totaal burgerlijke staat";"2021";"Hoorn";73619
"Totaal mannen en vrouwen";"Totaal";"Totaal burgerlijke staat";"2021";"Horn";
"Totaal mannen en vrouwen";"Totaal";"Totaal burgerlijke staat";"2021";"Horst";
"Totaal mannen en vrouwen";"Totaal";"Totaal burgerlijke staat";"2021";"Horst aan de Maas";42487
"Totaal mannen en vrouwen";"Totaal";"Totaal burgerlijke staat";"2021";"Houten";50223
"Totaal mannen en vrouwen";"Totaal";"Totaal burgerlijke staat";"2021";"Huijbergen";
"Totaal mannen en vrouwen";"Totaal";"Totaal burgerlijke staat";"2021";"Huissen";
"Totaal mannen en vrouwen";"Totaal";"Totaal burgerlijke staat";"2021";"Huizen";41090
"Totaal mannen en vrouwen";"Totaal";"Totaal burgerlijke staat";"2021";"Hulst";27575
"Totaal mannen en vrouwen";"Totaal";"Totaal burgerlijke staat";"2021";"Hummelo en Keppel";
"Totaal mannen en vrouwen";"Totaal";"Totaal burgerlijke staat";"2021";"Hunsel";
"Totaal mannen en vrouwen";"Totaal";"Totaal burgerlijke staat";"2021";"IJsselham";
"Totaal mannen en vrouwen";"Totaal";"Totaal burgerlijke staat";"2021";"IJsselmuiden";
"Totaal mannen en vrouwen";"Totaal";"Totaal burgerlijke staat";"2021";"IJsselstein";33819
"Totaal mannen en vrouwen";"Totaal";"Totaal burgerlijke staat";"2021";"Ilpendam";
"Totaal mannen en vrouwen";"Totaal";"Totaal burgerlijke staat";"2021";"Jacobswoude";
"Totaal mannen en vrouwen";"Totaal";"Totaal burgerlijke staat";"2021";"Jisp";
"Totaal mannen en vrouwen";"Totaal";"Totaal burgerlijke staat";"2021";"Kaag en Braassem";27541
"Totaal mannen en vrouwen";"Totaal";"Totaal burgerlijke staat";"2021";"Kamerik";
"Totaal mannen en vrouwen";"Totaal";"Totaal burgerlijke staat";"2021";"Kampen";54474
"Totaal mannen en vrouwen";"Totaal";"Totaal burgerlijke staat";"2021";"Kantens";
"Totaal mannen en vrouwen";"Totaal";"Totaal burgerlijke staat";"2021";"Kapelle";12882
"Totaal mannen en vrouwen";"Totaal";"Totaal burgerlijke staat";"2021";"Katwijk";65995
"Totaal mannen en vrouwen";"Totaal";"Totaal burgerlijke staat";"2021";"Katwoude";
"Totaal mannen en vrouwen";"Totaal";"Totaal burgerlijke staat";"2021";"Kerkrade";45442
"Totaal mannen en vrouwen";"Totaal";"Totaal burgerlijke staat";"2021";"Kerkwijk";
"Totaal mannen en vrouwen";"Totaal";"Totaal burgerlijke staat";"2021";"Kessel";
"Totaal mannen en vrouwen";"Totaal";"Totaal burgerlijke staat";"2021";"Kesteren";
"Totaal mannen en vrouwen";"Totaal";"Totaal burgerlijke staat";"2021";"Kloosterburen";
"Totaal mannen en vrouwen";"Totaal";"Totaal burgerlijke staat";"2021";"Klundert";
"Totaal mannen en vrouwen";"Totaal";"Totaal burgerlijke staat";"2021";"Kockengen";
"Totaal mannen en vrouwen";"Totaal";"Totaal burgerlijke staat";"2021";"Koggenland";22940
"Totaal mannen en vrouwen";"Totaal";"Totaal burgerlijke staat";"2021";"Kollumerland en Nieuwkruisland";
"Totaal mannen en vrouwen";"Totaal";"Totaal burgerlijke staat";"2021";"Korendijk";
"Totaal mannen en vrouwen";"Totaal";"Totaal burgerlijke staat";"2021";"Kortgene";
"Totaal mannen en vrouwen";"Totaal";"Totaal burgerlijke staat";"2021";"Koudekerk aan den Rijn";
"Totaal mannen en vrouwen";"Totaal";"Totaal burgerlijke staat";"2021";"Krimpen aan den IJssel";29410
"Totaal mannen en vrouwen";"Totaal";"Totaal burgerlijke staat";"2021";"Krimpenerwaard";56622
"Totaal mannen en vrouwen";"Totaal";"Totaal burgerlijke staat";"2021";"Laarbeek";22805
"Totaal mannen en vrouwen";"Totaal";"Totaal burgerlijke staat";"2021";"Landerd";15817
"Totaal mannen en vrouwen";"Totaal";"Totaal burgerlijke staat";"2021";"Landgraaf";37262
"Totaal mannen en vrouwen";"Totaal";"Totaal burgerlijke staat";"2021";"Landsmeer";11565
"Totaal mannen en vrouwen";"Totaal";"Totaal burgerlijke staat";"2021";"Langbroek";
"Totaal mannen en vrouwen";"Totaal";"Totaal burgerlijke staat";"2021";"Langedijk";28335
"Totaal mannen en vrouwen";"Totaal";"Totaal burgerlijke staat";"2021";"Lansingerland";63363
"Totaal mannen en vrouwen";"Totaal";"Totaal burgerlijke staat";"2021";"Laren";11398
"Totaal mannen en vrouwen";"Totaal";"Totaal burgerlijke staat";"2021";"Leek";
"Totaal mannen en vrouwen";"Totaal";"Totaal burgerlijke staat";"2021";"Leende";
"Totaal mannen en vrouwen";"Totaal";"Totaal burgerlijke staat";"2021";"Leens";
"Totaal mannen en vrouwen";"Totaal";"Totaal burgerlijke staat";"2021";"Leerdam";
"Totaal mannen en vrouwen";"Totaal";"Totaal burgerlijke staat";"2021";"Leersum";
"Totaal mannen en vrouwen";"Totaal";"Totaal burgerlijke staat";"2021";"Leeuwarden";124481
"Totaal mannen en vrouwen";"Totaal";"Totaal burgerlijke staat";"2021";"Leeuwarderadeel";
"Totaal mannen en vrouwen";"Totaal";"Totaal burgerlijke staat";"2021";"Leiden";124093
"Totaal mannen en vrouwen";"Totaal";"Totaal burgerlijke staat";"2021";"Leiderdorp";27377
"Totaal mannen en vrouwen";"Totaal";"Totaal burgerlijke staat";"2021";"Leidschendam";
"Totaal mannen en vrouwen";"Totaal";"Totaal burgerlijke staat";"2021";"Leidschendam-Voorburg";76433
"Totaal mannen en vrouwen";"Totaal";"Totaal burgerlijke staat";"2021";"Leimuiden";
"Totaal mannen en vrouwen";"Totaal";"Totaal burgerlijke staat";"2021";"Lelystad";79811
"Totaal mannen en vrouwen";"Totaal";"Totaal burgerlijke staat";"2021";"Lemsterland";
"Totaal mannen en vrouwen";"Totaal";"Totaal burgerlijke staat";"2021";"Leudal";36045
"Totaal mannen en vrouwen";"Totaal";"Totaal burgerlijke staat";"2021";"Leusden";30544
"Totaal mannen en vrouwen";"Totaal";"Totaal burgerlijke staat";"2021";"Lichtenvoorde";
"Totaal mannen en vrouwen";"Totaal";"Totaal burgerlijke staat";"2021";"Liemeer";
"Totaal mannen en vrouwen";"Totaal";"Totaal burgerlijke staat";"2021";"Liempde";
"Totaal mannen en vrouwen";"Totaal";"Totaal burgerlijke staat";"2021";"Lienden";
"Totaal mannen en vrouwen";"Totaal";"Totaal burgerlijke staat";"2021";"De Lier";
"Totaal mannen en vrouwen";"Totaal";"Totaal burgerlijke staat";"2021";"Lieshout";
"Totaal mannen en vrouwen";"Totaal";"Totaal burgerlijke staat";"2021";"Liesveld";
"Totaal mannen en vrouwen";"Totaal";"Totaal burgerlijke staat";"2021";"Limmen";
"Totaal mannen en vrouwen";"Totaal";"Totaal burgerlijke staat";"2021";"Lingewaal";
"Totaal mannen en vrouwen";"Totaal";"Totaal burgerlijke staat";"2021";"Lingewaard";46822
"Totaal mannen en vrouwen";"Totaal";"Totaal burgerlijke staat";"2021";"Linne";
"Totaal mannen en vrouwen";"Totaal";"Totaal burgerlijke staat";"2021";"Linschoten";
"Totaal mannen en vrouwen";"Totaal";"Totaal burgerlijke staat";"2021";"Lisse";22982
"Totaal mannen en vrouwen";"Totaal";"Totaal burgerlijke staat";"2021";"Lith";
"Totaal mannen en vrouwen";"Totaal";"Totaal burgerlijke staat";"2021";"Littenseradiel";
"Totaal mannen en vrouwen";"Totaal";"Totaal burgerlijke staat";"2021";"Lochem";33948
"Totaal mannen en vrouwen";"Totaal";"Totaal burgerlijke staat";"2021";"Loenen";
"Totaal mannen en vrouwen";"Totaal";"Totaal burgerlijke staat";"2021";"Loon op Zand";23504
"Totaal mannen en vrouwen";"Totaal";"Totaal burgerlijke staat";"2021";"Loosdrecht";
"Totaal mannen en vrouwen";"Totaal";"Totaal burgerlijke staat";"2021";"Lopik";14456
"Totaal mannen en vrouwen";"Totaal";"Totaal burgerlijke staat";"2021";"Loppersum";
"Totaal mannen en vrouwen";"Totaal";"Totaal burgerlijke staat";"2021";"Losser";22888
"Totaal mannen en vrouwen";"Totaal";"Totaal burgerlijke staat";"2021";"Luyksgestel";
"Totaal mannen en vrouwen";"Totaal";"Totaal burgerlijke staat";"2021";"Maarheeze";
"Totaal mannen en vrouwen";"Totaal";"Totaal burgerlijke staat";"2021";"Maarn";
"Totaal mannen en vrouwen";"Totaal";"Totaal burgerlijke staat";"2021";"Maarssen";
"Totaal mannen en vrouwen";"Totaal";"Totaal burgerlijke staat";"2021";"Maartensdijk";
"Totaal mannen en vrouwen";"Totaal";"Totaal burgerlijke staat";"2021";"Maasbracht";
"Totaal mannen en vrouwen";"Totaal";"Totaal burgerlijke staat";"2021";"Maasbree";
"Totaal mannen en vrouwen";"Totaal";"Totaal burgerlijke staat";"2021";"Maasdonk";
"Totaal mannen en vrouwen";"Totaal";"Totaal burgerlijke staat";"2021";"Maasdriel";25452
"Totaal mannen en vrouwen";"Totaal";"Totaal burgerlijke staat";"2021";"Maasgouw";23947
"Totaal mannen en vrouwen";"Totaal";"Totaal burgerlijke staat";"2021";"Maasland";
"Totaal mannen en vrouwen";"Totaal";"Totaal burgerlijke staat";"2021";"Maassluis";33567
"Totaal mannen en vrouwen";"Totaal";"Totaal burgerlijke staat";"2021";"Maastricht";120227
"Totaal mannen en vrouwen";"Totaal";"Totaal burgerlijke staat";"2021";"Made";
"Totaal mannen en vrouwen";"Totaal";"Totaal burgerlijke staat";"2021";"Made en Drimmelen";
"Totaal mannen en vrouwen";"Totaal";"Totaal burgerlijke staat";"2021";"Margraten";
"Totaal mannen en vrouwen";"Totaal";"Totaal burgerlijke staat";"2021";"Mariekerke";
"Totaal mannen en vrouwen";"Totaal";"Totaal burgerlijke staat";"2021";"Markelo";
"Totaal mannen en vrouwen";"Totaal";"Totaal burgerlijke staat";"2021";"Marken";
"Totaal mannen en vrouwen";"Totaal";"Totaal burgerlijke staat";"2021";"De Marne";
"Totaal mannen en vrouwen";"Totaal";"Totaal burgerlijke staat";"2021";"Marum";
"Totaal mannen en vrouwen";"Totaal";"Totaal burgerlijke staat";"2021";"Maurik";
"Totaal mannen en vrouwen";"Totaal";"Totaal burgerlijke staat";"2021";"Medemblik";45165
"Totaal mannen en vrouwen";"Totaal";"Totaal burgerlijke staat";"2021";"Meeden";
"Totaal mannen en vrouwen";"Totaal";"Totaal burgerlijke staat";"2021";"Meerlo-Wanssum";
"Totaal mannen en vrouwen";"Totaal";"Totaal burgerlijke staat";"2021";"Meerssen";18661
"Totaal mannen en vrouwen";"Totaal";"Totaal burgerlijke staat";"2021";"Megen, Haren en Macharen";
"Totaal mannen en vrouwen";"Totaal";"Totaal burgerlijke staat";"2021";"Meierijstad";81647
"Totaal mannen en vrouwen";"Totaal";"Totaal burgerlijke staat";"2021";"Meijel";
"Totaal mannen en vrouwen";"Totaal";"Totaal burgerlijke staat";"2021";"Melick en Herkenbosch";
"Totaal mannen en vrouwen";"Totaal";"Totaal burgerlijke staat";"2021";"Menaldumadeel";
"Totaal mannen en vrouwen";"Totaal";"Totaal burgerlijke staat";"2021";"Menameradiel";
"Totaal mannen en vrouwen";"Totaal";"Totaal burgerlijke staat";"2021";"Menterwolde";
"Totaal mannen en vrouwen";"Totaal";"Totaal burgerlijke staat";"2021";"Meppel";34386
"Totaal mannen en vrouwen";"Totaal";"Totaal burgerlijke staat";"2021";"Middelburg";48964
"Totaal mannen en vrouwen";"Totaal";"Totaal burgerlijke staat";"2021";"Middelharnis";
"Totaal mannen en vrouwen";"Totaal";"Totaal burgerlijke staat";"2021";"Middelstum";
"Totaal mannen en vrouwen";"Totaal";"Totaal burgerlijke staat";"2021";"Midden-Delfland";19414
"Totaal mannen en vrouwen";"Totaal";"Totaal burgerlijke staat";"2021";"Midden-Drenthe";33381
"Totaal mannen en vrouwen";"Totaal";"Totaal burgerlijke staat";"2021";"Midden-Groningen";60726
"Totaal mannen en vrouwen";"Totaal";"Totaal burgerlijke staat";"2021";"Middenschouwen";
"Totaal mannen en vrouwen";"Totaal";"Totaal burgerlijke staat";"2021";"Middenveld";
"Totaal mannen en vrouwen";"Totaal";"Totaal burgerlijke staat";"2021";"Midwolda";
"Totaal mannen en vrouwen";"Totaal";"Totaal burgerlijke staat";"2021";"Mierlo";
"Totaal mannen en vrouwen";"Totaal";"Totaal burgerlijke staat";"2021";"Mijdrecht";
"Totaal mannen en vrouwen";"Totaal";"Totaal burgerlijke staat";"2021";"Mill en Sint Hubert";11004
"Totaal mannen en vrouwen";"Totaal";"Totaal burgerlijke staat";"2021";"Millingen aan de Rijn";
"Totaal mannen en vrouwen";"Totaal";"Totaal burgerlijke staat";"2021";"Moerdijk";37185
"Totaal mannen en vrouwen";"Totaal";"Totaal burgerlijke staat";"2021";"Moergestel";
"Totaal mannen en vrouwen";"Totaal";"Totaal burgerlijke staat";"2021";"Moerhuizen";
"Totaal mannen en vrouwen";"Totaal";"Totaal burgerlijke staat";"2021";"Moerkapelle";
"Totaal mannen en vrouwen";"Totaal";"Totaal burgerlijke staat";"2021";"Molenlanden";44130
"Totaal mannen en vrouwen";"Totaal";"Totaal burgerlijke staat";"2021";"Molenwaard";
"Totaal mannen en vrouwen";"Totaal";"Totaal burgerlijke staat";"2021";"Monnickendam";
"Totaal mannen en vrouwen";"Totaal";"Totaal burgerlijke staat";"2021";"Monster";
"Totaal mannen en vrouwen";"Totaal";"Totaal burgerlijke staat";"2021";"Montferland";36031
"Totaal mannen en vrouwen";"Totaal";"Totaal burgerlijke staat";"2021";"Montfoort";13896
"Totaal mannen en vrouwen";"Totaal";"Totaal burgerlijke staat";"2021";"Montfort";
"Totaal mannen en vrouwen";"Totaal";"Totaal burgerlijke staat";"2021";"Mook en Middelaar";7909
"Totaal mannen en vrouwen";"Totaal";"Totaal burgerlijke staat";"2021";"Moordrecht";
"Totaal mannen en vrouwen";"Totaal";"Totaal burgerlijke staat";"2021";"Muiden";
"Totaal mannen en vrouwen";"Totaal";"Totaal burgerlijke staat";"2021";"Muntendam";
"Totaal mannen en vrouwen";"Totaal";"Totaal burgerlijke staat";"2021";"Naaldwijk";
"Totaal mannen en vrouwen";"Totaal";"Totaal burgerlijke staat";"2021";"Naarden";
"Totaal mannen en vrouwen";"Totaal";"Totaal burgerlijke staat";"2021";"Neder-Betuwe";24648
"Totaal mannen en vrouwen";"Totaal";"Totaal burgerlijke staat";"2021";"Nederhorst den Berg";
"Totaal mannen en vrouwen";"Totaal";"Totaal burgerlijke staat";"2021";"Nederlek";
"Totaal mannen en vrouwen";"Totaal";"Totaal burgerlijke staat";"2021";"Nederweert";17171
"Totaal mannen en vrouwen";"Totaal";"Totaal burgerlijke staat";"2021";"Neede";
"Totaal mannen en vrouwen";"Totaal";"Totaal burgerlijke staat";"2021";"Neer";
"Totaal mannen en vrouwen";"Totaal";"Totaal burgerlijke staat";"2021";"Neerijnen";
"Totaal mannen en vrouwen";"Totaal";"Totaal burgerlijke staat";"2021";"Niedorp";
"Totaal mannen en vrouwen";"Totaal";"Totaal burgerlijke staat";"2021";"Nieuwe Pekela";
"Totaal mannen en vrouwen";"Totaal";"Totaal burgerlijke staat";"2021";"Nieuwegein";63866
"Totaal mannen en vrouwen";"Totaal";"Totaal burgerlijke staat";"2021";"Nieuwerkerk aan den IJssel";
"Totaal mannen en vrouwen";"Totaal";"Totaal burgerlijke staat";"2021";"Nieuweschans";
"Totaal mannen en vrouwen";"Totaal";"Totaal burgerlijke staat";"2021";"Nieuw-Ginneken";
"Totaal mannen en vrouwen";"Totaal";"Totaal burgerlijke staat";"2021";"Nieuwkoop";29151
"Totaal mannen en vrouwen";"Totaal";"Totaal burgerlijke staat";"2021";"Nieuw-Lekkerland";
"Totaal mannen en vrouwen";"Totaal";"Totaal burgerlijke staat";"2021";"Nieuwleusen";
"Totaal mannen en vrouwen";"Totaal";"Totaal burgerlijke staat";"2021";"Nieuwolda";
"Totaal mannen en vrouwen";"Totaal";"Totaal burgerlijke staat";"2021";"Nieuwveen";
"Totaal mannen en vrouwen";"Totaal";"Totaal burgerlijke staat";"2021";"Nieuw-Vossemeer";
"Totaal mannen en vrouwen";"Totaal";"Totaal burgerlijke staat";"2021";"Nigtevecht";
"Totaal mannen en vrouwen";"Totaal";"Totaal burgerlijke staat";"2021";"Nijefurd";
"Totaal mannen en vrouwen";"Totaal";"Totaal burgerlijke staat";"2021";"Nijeveen";
"Totaal mannen en vrouwen";"Totaal";"Totaal burgerlijke staat";"2021";"Nijkerk";43600
"Totaal mannen en vrouwen";"Totaal";"Totaal burgerlijke staat";"2021";"Nijmegen";177359
"Totaal mannen en vrouwen";"Totaal";"Totaal burgerlijke staat";"2021";"Nissewaard";85440
"Totaal mannen en vrouwen";"Totaal";"Totaal burgerlijke staat";"2021";"Nistelrode";
"Totaal mannen en vrouwen";"Totaal";"Totaal burgerlijke staat";"2021";"Noardeast-Fryslân";45481
"Totaal mannen en vrouwen";"Totaal";"Totaal burgerlijke staat";"2021";"Noord-Beveland";7581
"Totaal mannen en vrouwen";"Totaal";"Totaal burgerlijke staat";"2021";"Noordenveld";31214
"Totaal mannen en vrouwen";"Totaal";"Totaal burgerlijke staat";"2021";"Noorder-Koggenland";
"Totaal mannen en vrouwen";"Totaal";"Totaal burgerlijke staat";"2021";"Noordoostpolder";47583
"Totaal mannen en vrouwen";"Totaal";"Totaal burgerlijke staat";"2021";"Noordwijk";44062
"Totaal mannen en vrouwen";"Totaal";"Totaal burgerlijke staat";"2021";"Noordwijkerhout";
"Totaal mannen en vrouwen";"Totaal";"Totaal burgerlijke staat";"2021";"Nootdorp";
"Totaal mannen en vrouwen";"Totaal";"Totaal burgerlijke staat";"2021";"Norg";
"Totaal mannen en vrouwen";"Totaal";"Totaal burgerlijke staat";"2021";"Nuenen, Gerwen en Nederwetten";23702
"Totaal mannen en vrouwen";"Totaal";"Totaal burgerlijke staat";"2021";"Nuland";
"Totaal mannen en vrouwen";"Totaal";"Totaal burgerlijke staat";"2021";"Nunspeet";28021
"Totaal mannen en vrouwen";"Totaal";"Totaal burgerlijke staat";"2021";"Nuth";
"Totaal mannen en vrouwen";"Totaal";"Totaal burgerlijke staat";"2021";"Obdam";
"Totaal mannen en vrouwen";"Totaal";"Totaal burgerlijke staat";"2021";"Odoorn";
"Totaal mannen en vrouwen";"Totaal";"Totaal burgerlijke staat";"2021";"Oeffelt";
"Totaal mannen en vrouwen";"Totaal";"Totaal burgerlijke staat";"2021";"Oegstgeest";25064
"Totaal mannen en vrouwen";"Totaal";"Totaal burgerlijke staat";"2021";"Ohé en Laak";
"Totaal mannen en vrouwen";"Totaal";"Totaal burgerlijke staat";"2021";"Oirschot";18842
"Totaal mannen en vrouwen";"Totaal";"Totaal burgerlijke staat";"2021";"Oisterwijk";32373
"Totaal mannen en vrouwen";"Totaal";"Totaal burgerlijke staat";"2021";"Oldambt";38277
"Totaal mannen en vrouwen";"Totaal";"Totaal burgerlijke staat";"2021";"Oldebroek";23760
"Totaal mannen en vrouwen";"Totaal";"Totaal burgerlijke staat";"2021";"Oldehove";
"Totaal mannen en vrouwen";"Totaal";"Totaal burgerlijke staat";"2021";"Oldekerk";
"Totaal mannen en vrouwen";"Totaal";"Totaal burgerlijke staat";"2021";"Oldenzaal";31701
"Totaal mannen en vrouwen";"Totaal";"Totaal burgerlijke staat";"2021";"Olst";
"Totaal mannen en vrouwen";"Totaal";"Totaal burgerlijke staat";"2021";"Olst-Wijhe";18361
"Totaal mannen en vrouwen";"Totaal";"Totaal burgerlijke staat";"2021";"Ommen";18295
"Totaal mannen en vrouwen";"Totaal";"Totaal burgerlijke staat";"2021";"Onderbanken";
"Totaal mannen en vrouwen";"Totaal";"Totaal burgerlijke staat";"2021";"Oost Gelre";29574
"Totaal mannen en vrouwen";"Totaal";"Totaal burgerlijke staat";"2021";"Oost-, West- en Middelbeers";
"Totaal mannen en vrouwen";"Totaal";"Totaal burgerlijke staat";"2021";"Oostburg";
"Totaal mannen en vrouwen";"Totaal";"Totaal burgerlijke staat";"2021";"Oosterbroek";
"Totaal mannen en vrouwen";"Totaal";"Totaal burgerlijke staat";"2021";"Oosterhesselen";
"Totaal mannen en vrouwen";"Totaal";"Totaal burgerlijke staat";"2021";"Oosterhout";56206
"Totaal mannen en vrouwen";"Totaal";"Totaal burgerlijke staat";"2021";"Oostflakkee";
"Totaal mannen en vrouwen";"Totaal";"Totaal burgerlijke staat";"2021";"Ooststellingwerf";25464
"Totaal mannen en vrouwen";"Totaal";"Totaal burgerlijke staat";"2021";"Oostzaan";9689
"Totaal mannen en vrouwen";"Totaal";"Totaal burgerlijke staat";"2021";"Ootmarsum";
"Totaal mannen en vrouwen";"Totaal";"Totaal burgerlijke staat";"2021";"Openbaar Lichaam Z.IJ.P.";
"Totaal mannen en vrouwen";"Totaal";"Totaal burgerlijke staat";"2021";"Oploo, Sint Anthonis en Ledeacker";
"Totaal mannen en vrouwen";"Totaal";"Totaal burgerlijke staat";"2021";"Opmeer";12009
"Totaal mannen en vrouwen";"Totaal";"Totaal burgerlijke staat";"2021";"Opsterland";29812
"Totaal mannen en vrouwen";"Totaal";"Totaal burgerlijke staat";"2021";"Oss";92526
"Totaal mannen en vrouwen";"Totaal";"Totaal burgerlijke staat";"2021";"Ossendrecht";
"Totaal mannen en vrouwen";"Totaal";"Totaal burgerlijke staat";"2021";"Oud en Nieuw Gastel";
"Totaal mannen en vrouwen";"Totaal";"Totaal burgerlijke staat";"2021";"Oud-Beijerland";
"Totaal mannen en vrouwen";"Totaal";"Totaal burgerlijke staat";"2021";"Oude IJsselstreek";39346
"Totaal mannen en vrouwen";"Totaal";"Totaal burgerlijke staat";"2021";"Oude Pekela";
"Totaal mannen en vrouwen";"Totaal";"Totaal burgerlijke staat";"2021";"Oudenbosch";
"Totaal mannen en vrouwen";"Totaal";"Totaal burgerlijke staat";"2021";"Ouder-Amstel";14125
"Totaal mannen en vrouwen";"Totaal";"Totaal burgerlijke staat";"2021";"Ouderkerk";
"Totaal mannen en vrouwen";"Totaal";"Totaal burgerlijke staat";"2021";"Oudewater";10138
"Totaal mannen en vrouwen";"Totaal";"Totaal burgerlijke staat";"2021";"Overbetuwe";48214
"Totaal mannen en vrouwen";"Totaal";"Totaal burgerlijke staat";"2021";"Papendrecht";32171
"Totaal mannen en vrouwen";"Totaal";"Totaal burgerlijke staat";"2021";"Peel en Maas";43660
"Totaal mannen en vrouwen";"Totaal";"Totaal burgerlijke staat";"2021";"Peize";
"Totaal mannen en vrouwen";"Totaal";"Totaal burgerlijke staat";"2021";"Pekela";12176
"Totaal mannen en vrouwen";"Totaal";"Totaal burgerlijke staat";"2021";"Pijnacker";
"Totaal mannen en vrouwen";"Totaal";"Totaal burgerlijke staat";"2021";"Pijnacker-Nootdorp";55674
"Totaal mannen en vrouwen";"Totaal";"Totaal burgerlijke staat";"2021";"Polsbroek";
"Totaal mannen en vrouwen";"Totaal";"Totaal burgerlijke staat";"2021";"Posterholt";
"Totaal mannen en vrouwen";"Totaal";"Totaal burgerlijke staat";"2021";"Prinsenbeek";
"Totaal mannen en vrouwen";"Totaal";"Totaal burgerlijke staat";"2021";"Purmerend";81683
"Totaal mannen en vrouwen";"Totaal";"Totaal burgerlijke staat";"2021";"Putte";
"Totaal mannen en vrouwen";"Totaal";"Totaal burgerlijke staat";"2021";"Putten";24365
"Totaal mannen en vrouwen";"Totaal";"Totaal burgerlijke staat";"2021";"Raalte";37911
"Totaal mannen en vrouwen";"Totaal";"Totaal burgerlijke staat";"2021";"Raamsdonk";
"Totaal mannen en vrouwen";"Totaal";"Totaal burgerlijke staat";"2021";"Ravenstein";
"Totaal mannen en vrouwen";"Totaal";"Totaal burgerlijke staat";"2021";"Reeuwijk";
"Totaal mannen en vrouwen";"Totaal";"Totaal burgerlijke staat";"2021";"Reiderland";
"Totaal mannen en vrouwen";"Totaal";"Totaal burgerlijke staat";"2021";"Reimerswaal";22896
"Totaal mannen en vrouwen";"Totaal";"Totaal burgerlijke staat";"2021";"Renkum";31417
"Totaal mannen en vrouwen";"Totaal";"Totaal burgerlijke staat";"2021";"Renswoude";5556
"Totaal mannen en vrouwen";"Totaal";"Totaal burgerlijke staat";"2021";"Reusel";
"Totaal mannen en vrouwen";"Totaal";"Totaal burgerlijke staat";"2021";"Reusel-De Mierden";13127
"Totaal mannen en vrouwen";"Totaal";"Totaal burgerlijke staat";"2021";"Rheden";43525
"Totaal mannen en vrouwen";"Totaal";"Totaal burgerlijke staat";"2021";"Rhenen";20203
"Totaal mannen en vrouwen";"Totaal";"Totaal burgerlijke staat";"2021";"Ridderkerk";46671
"Totaal mannen en vrouwen";"Totaal";"Totaal burgerlijke staat";"2021";"Riethoven";
"Totaal mannen en vrouwen";"Totaal";"Totaal burgerlijke staat";"2021";"Rijneveld";
"Totaal mannen en vrouwen";"Totaal";"Totaal burgerlijke staat";"2021";"Rijnsaterwoude";
"Totaal mannen en vrouwen";"Totaal";"Totaal burgerlijke staat";"2021";"Rijnsburg";
"Totaal mannen en vrouwen";"Totaal";"Totaal burgerlijke staat";"2021";"Rijnwaarden";
"Totaal mannen en vrouwen";"Totaal";"Totaal burgerlijke staat";"2021";"Rijnwoude";
"Totaal mannen en vrouwen";"Totaal";"Totaal burgerlijke staat";"2021";"Rijsbergen";
"Totaal mannen en vrouwen";"Totaal";"Totaal burgerlijke staat";"2021";"Rijssen";
"Totaal mannen en vrouwen";"Totaal";"Totaal burgerlijke staat";"2021";"Rijssen-Holten";38204
"Totaal mannen en vrouwen";"Totaal";"Totaal burgerlijke staat";"2021";"Rijswijk";55220
"Totaal mannen en vrouwen";"Totaal";"Totaal burgerlijke staat";"2021";"Roden";
"Totaal mannen en vrouwen";"Totaal";"Totaal burgerlijke staat";"2021";"Roerdalen";20580
"Totaal mannen en vrouwen";"Totaal";"Totaal burgerlijke staat";"2021";"Roermond";58763
"Totaal mannen en vrouwen";"Totaal";"Totaal burgerlijke staat";"2021";"Roggel";
"Totaal mannen en vrouwen";"Totaal";"Totaal burgerlijke staat";"2021";"Roggel en Neer";
"Totaal mannen en vrouwen";"Totaal";"Totaal burgerlijke staat";"2021";"Rolde";
"Totaal mannen en vrouwen";"Totaal";"Totaal burgerlijke staat";"2021";"De Ronde Venen";44720
"Totaal mannen en vrouwen";"Totaal";"Totaal burgerlijke staat";"2021";"Roosendaal";77200
"Totaal mannen en vrouwen";"Totaal";"Totaal burgerlijke staat";"2021";"Roosendaal en Nispen";
"Totaal mannen en vrouwen";"Totaal";"Totaal burgerlijke staat";"2021";"Rosmalen";
"Totaal mannen en vrouwen";"Totaal";"Totaal burgerlijke staat";"2021";"Rossum";
"Totaal mannen en vrouwen";"Totaal";"Totaal burgerlijke staat";"2021";"Rotterdam";651631
"Totaal mannen en vrouwen";"Totaal";"Totaal burgerlijke staat";"2021";"Rozenburg";
"Totaal mannen en vrouwen";"Totaal";"Totaal burgerlijke staat";"2021";"Rozendaal";1726
"Totaal mannen en vrouwen";"Totaal";"Totaal burgerlijke staat";"2021";"Rucphen";23080
"Totaal mannen en vrouwen";"Totaal";"Totaal burgerlijke staat";"2021";"Ruinen";
"Totaal mannen en vrouwen";"Totaal";"Totaal burgerlijke staat";"2021";"Ruinerwold";
"Totaal mannen en vrouwen";"Totaal";"Totaal burgerlijke staat";"2021";"Ruurlo";
"Totaal mannen en vrouwen";"Totaal";"Totaal burgerlijke staat";"2021";"Sas van Gent";
"Totaal mannen en vrouwen";"Totaal";"Totaal burgerlijke staat";"2021";"Sassenheim";
"Totaal mannen en vrouwen";"Totaal";"Totaal burgerlijke staat";"2021";"Schagen";46532
"Totaal mannen en vrouwen";"Totaal";"Totaal burgerlijke staat";"2021";"Schaijk";
"Totaal mannen en vrouwen";"Totaal";"Totaal burgerlijke staat";"2021";"Scheemda";
"Totaal mannen en vrouwen";"Totaal";"Totaal burgerlijke staat";"2021";"Schermer";
"Totaal mannen en vrouwen";"Totaal";"Totaal burgerlijke staat";"2021";"Scherpenzeel";10128
"Totaal mannen en vrouwen";"Totaal";"Totaal burgerlijke staat";"2021";"Schiedam";79279
"Totaal mannen en vrouwen";"Totaal";"Totaal burgerlijke staat";"2021";"Schiermonnikoog";931
"Totaal mannen en vrouwen";"Totaal";"Totaal burgerlijke staat";"2021";"Schijndel";
"Totaal mannen en vrouwen";"Totaal";"Totaal burgerlijke staat";"2021";"Schinnen";
"Totaal mannen en vrouwen";"Totaal";"Totaal burgerlijke staat";"2021";"Schipluiden";
"Totaal mannen en vrouwen";"Totaal";"Totaal burgerlijke staat";"2021";"Schoonebeek";
"Totaal mannen en vrouwen";"Totaal";"Totaal burgerlijke staat";"2021";"Schoonhoven";
"Totaal mannen en vrouwen";"Totaal";"Totaal burgerlijke staat";"2021";"Schoorl";
"Totaal mannen en vrouwen";"Totaal";"Totaal burgerlijke staat";"2021";"Schouwen-Duiveland";34065
"Totaal mannen en vrouwen";"Totaal";"Totaal burgerlijke staat";"2021";"Sevenum";
"Totaal mannen en vrouwen";"Totaal";"Totaal burgerlijke staat";"2021";"Simpelveld";10477
"Totaal mannen en vrouwen";"Totaal";"Totaal burgerlijke staat";"2021";"Sint Anthonis";11691
"Totaal mannen en vrouwen";"Totaal";"Totaal burgerlijke staat";"2021";"Sint Maarten";
"Totaal mannen en vrouwen";"Totaal";"Totaal burgerlijke staat";"2021";"Sint Odilienberg";
"Totaal mannen en vrouwen";"Totaal";"Totaal burgerlijke staat";"2021";"Sint Pancras";
"Totaal mannen en vrouwen";"Totaal";"Totaal burgerlijke staat";"2021";"Sint Philipsland";
"Totaal mannen en vrouwen";"Totaal";"Totaal burgerlijke staat";"2021";"Sint-Michielsgestel";29498
"Totaal mannen en vrouwen";"Totaal";"Totaal burgerlijke staat";"2021";"Sint-Oedenrode";
"Totaal mannen en vrouwen";"Totaal";"Totaal burgerlijke staat";"2021";"Sittard";
"Totaal mannen en vrouwen";"Totaal";"Totaal burgerlijke staat";"2021";"Sittard-Geleen";91743
"Totaal mannen en vrouwen";"Totaal";"Totaal burgerlijke staat";"2021";"Skarsterlân";
"Totaal mannen en vrouwen";"Totaal";"Totaal burgerlijke staat";"2021";"Sleen";
"Totaal mannen en vrouwen";"Totaal";"Totaal burgerlijke staat";"2021";"Sliedrecht";25597
"Totaal mannen en vrouwen";"Totaal";"Totaal burgerlijke staat";"2021";"Slochteren";
"Totaal mannen en vrouwen";"Totaal";"Totaal burgerlijke staat";"2021";"Sluis";23166
"Totaal mannen en vrouwen";"Totaal";"Totaal burgerlijke staat";"2021";"Sluis (oud)";
"Totaal mannen en vrouwen";"Totaal";"Totaal burgerlijke staat";"2021";"Sluis-Aardenburg";
"Totaal mannen en vrouwen";"Totaal";"Totaal burgerlijke staat";"2021";"Smallingerland";56040
"Totaal mannen en vrouwen";"Totaal";"Totaal burgerlijke staat";"2021";"Smilde";
"Totaal mannen en vrouwen";"Totaal";"Totaal burgerlijke staat";"2021";"Sneek";
"Totaal mannen en vrouwen";"Totaal";"Totaal burgerlijke staat";"2021";"Snelrewaard";
"Totaal mannen en vrouwen";"Totaal";"Totaal burgerlijke staat";"2021";"Soest";46906
"Totaal mannen en vrouwen";"Totaal";"Totaal burgerlijke staat";"2021";"Someren";19428
"Totaal mannen en vrouwen";"Totaal";"Totaal burgerlijke staat";"2021";"Son en Breugel";17552
"Totaal mannen en vrouwen";"Totaal";"Totaal burgerlijke staat";"2021";"Spijkenisse";
"Totaal mannen en vrouwen";"Totaal";"Totaal burgerlijke staat";"2021";"Sprang-Capelle";
"Totaal mannen en vrouwen";"Totaal";"Totaal burgerlijke staat";"2021";"St. Anthonis";
"Totaal mannen en vrouwen";"Totaal";"Totaal burgerlijke staat";"2021";"Stad Delden";
"Totaal mannen en vrouwen";"Totaal";"Totaal burgerlijke staat";"2021";"Stadskanaal";31754
"Totaal mannen en vrouwen";"Totaal";"Totaal burgerlijke staat";"2021";"Standdaarbuiten";
"Totaal mannen en vrouwen";"Totaal";"Totaal burgerlijke staat";"2021";"Staphorst";17261
"Totaal mannen en vrouwen";"Totaal";"Totaal burgerlijke staat";"2021";"Stede Broec";21743
"Totaal mannen en vrouwen";"Totaal";"Totaal burgerlijke staat";"2021";"Stedum";
"Totaal mannen en vrouwen";"Totaal";"Totaal burgerlijke staat";"2021";"Steenbergen";24310
"Totaal mannen en vrouwen";"Totaal";"Totaal burgerlijke staat";"2021";"Steenderen";
"Totaal mannen en vrouwen";"Totaal";"Totaal burgerlijke staat";"2021";"Steenwijk";
"Totaal mannen en vrouwen";"Totaal";"Totaal burgerlijke staat";"2021";"Steenwijkerland";44341
"Totaal mannen en vrouwen";"Totaal";"Totaal burgerlijke staat";"2021";"Stein";24875
"Totaal mannen en vrouwen";"Totaal";"Totaal burgerlijke staat";"2021";"Stevensweert";
"Totaal mannen en vrouwen";"Totaal";"Totaal burgerlijke staat";"2021";"Stichtse Vecht";65108
"Totaal mannen en vrouwen";"Totaal";"Totaal burgerlijke staat";"2021";"Stramproy";
"Totaal mannen en vrouwen";"Totaal";"Totaal burgerlijke staat";"2021";"Strijen";
"Totaal mannen en vrouwen";"Totaal";"Totaal burgerlijke staat";"2021";"Súdwest-Fryslân";89999
"Totaal mannen en vrouwen";"Totaal";"Totaal burgerlijke staat";"2021";"Susteren";
"Totaal mannen en vrouwen";"Totaal";"Totaal burgerlijke staat";"2021";"Swalmen";
"Totaal mannen en vrouwen";"Totaal";"Totaal burgerlijke staat";"2021";"Tegelen";
"Totaal mannen en vrouwen";"Totaal";"Totaal burgerlijke staat";"2021";"Terheijden";
"Totaal mannen en vrouwen";"Totaal";"Totaal burgerlijke staat";"2021";"Termunten";
"Totaal mannen en vrouwen";"Totaal";"Totaal burgerlijke staat";"2021";"Terneuzen";54463
"Totaal mannen en vrouwen";"Totaal";"Totaal burgerlijke staat";"2021";"Terschelling";4870
"Totaal mannen en vrouwen";"Totaal";"Totaal burgerlijke staat";"2021";"Teteringen";
"Totaal mannen en vrouwen";"Totaal";"Totaal burgerlijke staat";"2021";"Texel";13656
"Totaal mannen en vrouwen";"Totaal";"Totaal burgerlijke staat";"2021";"Teylingen";37791
"Totaal mannen en vrouwen";"Totaal";"Totaal burgerlijke staat";"2021";"Tholen";26085
"Totaal mannen en vrouwen";"Totaal";"Totaal burgerlijke staat";"2021";"Thorn";
"Totaal mannen en vrouwen";"Totaal";"Totaal burgerlijke staat";"2021";"Tiel";41920
"Totaal mannen en vrouwen";"Totaal";"Totaal burgerlijke staat";"2021";"Tietjerksteradeel";
"Totaal mannen en vrouwen";"Totaal";"Totaal burgerlijke staat";"2021";"Tilburg";221947
"Totaal mannen en vrouwen";"Totaal";"Totaal burgerlijke staat";"2021";"Tubbergen";21315
"Totaal mannen en vrouwen";"Totaal";"Totaal burgerlijke staat";"2021";"Twenterand";33699
"Totaal mannen en vrouwen";"Totaal";"Totaal burgerlijke staat";"2021";"Tynaarlo";33978
"Totaal mannen en vrouwen";"Totaal";"Totaal burgerlijke staat";"2021";"Tytsjerksteradiel";32060
"Totaal mannen en vrouwen";"Totaal";"Totaal burgerlijke staat";"2021";"Ubbergen";
"Totaal mannen en vrouwen";"Totaal";"Totaal burgerlijke staat";"2021";"Uden";42291
"Totaal mannen en vrouwen";"Totaal";"Totaal burgerlijke staat";"2021";"Udenhout";
"Totaal mannen en vrouwen";"Totaal";"Totaal burgerlijke staat";"2021";"Uitgeest";13632
"Totaal mannen en vrouwen";"Totaal";"Totaal burgerlijke staat";"2021";"Uithoorn";30206
"Totaal mannen en vrouwen";"Totaal";"Totaal burgerlijke staat";"2021";"Ulrum";
"Totaal mannen en vrouwen";"Totaal";"Totaal burgerlijke staat";"2021";"Urk";21227
"Totaal mannen en vrouwen";"Totaal";"Totaal burgerlijke staat";"2021";"Usquert";
"Totaal mannen en vrouwen";"Totaal";"Totaal burgerlijke staat";"2021";"Utrecht";359370
"Totaal mannen en vrouwen";"Totaal";"Totaal burgerlijke staat";"2021";"Utrechtse Heuvelrug";49946
"Totaal mannen en vrouwen";"Totaal";"Totaal burgerlijke staat";"2021";"Vaals";10084
"Totaal mannen en vrouwen";"Totaal";"Totaal burgerlijke staat";"2021";"Valburg";
"Totaal mannen en vrouwen";"Totaal";"Totaal burgerlijke staat";"2021";"Valkenburg";
"Totaal mannen en vrouwen";"Totaal";"Totaal burgerlijke staat";"2021";"Valkenburg aan de Geul";16365
"Totaal mannen en vrouwen";"Totaal";"Totaal burgerlijke staat";"2021";"Valkenisse";
"Totaal mannen en vrouwen";"Totaal";"Totaal burgerlijke staat";"2021";"Valkenswaard";31221
"Totaal mannen en vrouwen";"Totaal";"Totaal burgerlijke staat";"2021";"Veendam";27417
"Totaal mannen en vrouwen";"Totaal";"Totaal burgerlijke staat";"2021";"Veenendaal";66912
"Totaal mannen en vrouwen";"Totaal";"Totaal burgerlijke staat";"2021";"Veere";21953
"Totaal mannen en vrouwen";"Totaal";"Totaal burgerlijke staat";"2021";"Veghel";
"Totaal mannen en vrouwen";"Totaal";"Totaal burgerlijke staat";"2021";"Veldhoven";45500
"Totaal mannen en vrouwen";"Totaal";"Totaal burgerlijke staat";"2021";"Velsen";68617
"Totaal mannen en vrouwen";"Totaal";"Totaal burgerlijke staat";"2021";"Venhuizen";
"Totaal mannen en vrouwen";"Totaal";"Totaal burgerlijke staat";"2021";"Venlo";101988
"Totaal mannen en vrouwen";"Totaal";"Totaal burgerlijke staat";"2021";"Venray";43713
"Totaal mannen en vrouwen";"Totaal";"Totaal burgerlijke staat";"2021";"Vessem, Wintelre en Knegsel";
"Totaal mannen en vrouwen";"Totaal";"Totaal burgerlijke staat";"2021";"Vianen";
"Totaal mannen en vrouwen";"Totaal";"Totaal burgerlijke staat";"2021";"Vierlingsbeek";
"Totaal mannen en vrouwen";"Totaal";"Totaal burgerlijke staat";"2021";"Vijfheerenlanden";57829
"Totaal mannen en vrouwen";"Totaal";"Totaal burgerlijke staat";"2021";"Vinkeveen en Waverveen";
"Totaal mannen en vrouwen";"Totaal";"Totaal burgerlijke staat";"2021";"Vlaardingen";73924
"Totaal mannen en vrouwen";"Totaal";"Totaal burgerlijke staat";"2021";"Vlagtwedde";
"Totaal mannen en vrouwen";"Totaal";"Totaal burgerlijke staat";"2021";"Vledder";
"Totaal mannen en vrouwen";"Totaal";"Totaal burgerlijke staat";"2021";"Vleuten-De Meern";
"Totaal mannen en vrouwen";"Totaal";"Totaal burgerlijke staat";"2021";"Vlieland";1194
"Totaal mannen en vrouwen";"Totaal";"Totaal burgerlijke staat";"2021";"Vlijmen";
"Totaal mannen en vrouwen";"Totaal";"Totaal burgerlijke staat";"2021";"Vlissingen";44358
"Totaal mannen en vrouwen";"Totaal";"Totaal burgerlijke staat";"2021";"Vlist";
"Totaal mannen en vrouwen";"Totaal";"Totaal burgerlijke staat";"2021";"Vlodrop";
"Totaal mannen en vrouwen";"Totaal";"Totaal burgerlijke staat";"2021";"Voerendaal";12466
"Totaal mannen en vrouwen";"Totaal";"Totaal burgerlijke staat";"2021";"Voorburg";
"Totaal mannen en vrouwen";"Totaal";"Totaal burgerlijke staat";"2021";"Voorhout";
"Totaal mannen en vrouwen";"Totaal";"Totaal burgerlijke staat";"2021";"Voorschoten";25650
"Totaal mannen en vrouwen";"Totaal";"Totaal burgerlijke staat";"2021";"Voorst";24790
"Totaal mannen en vrouwen";"Totaal";"Totaal burgerlijke staat";"2021";"Vorden";
"Totaal mannen en vrouwen";"Totaal";"Totaal burgerlijke staat";"2021";"Vries";
"Totaal mannen en vrouwen";"Totaal";"Totaal burgerlijke staat";"2021";"Vriezenveen";
"Totaal mannen en vrouwen";"Totaal";"Totaal burgerlijke staat";"2021";"Vught";31669
"Totaal mannen en vrouwen";"Totaal";"Totaal burgerlijke staat";"2021";"Waadhoeke";46149
"Totaal mannen en vrouwen";"Totaal";"Totaal burgerlijke staat";"2021";"Waalre";17544
"Totaal mannen en vrouwen";"Totaal";"Totaal burgerlijke staat";"2021";"Waalwijk";48815
"Totaal mannen en vrouwen";"Totaal";"Totaal burgerlijke staat";"2021";"Waddinxveen";30479
"Totaal mannen en vrouwen";"Totaal";"Totaal burgerlijke staat";"2021";"Wageningen";39635
"Totaal mannen en vrouwen";"Totaal";"Totaal burgerlijke staat";"2021";"Wanroij";
"Totaal mannen en vrouwen";"Totaal";"Totaal burgerlijke staat";"2021";"Warffum";
"Totaal mannen en vrouwen";"Totaal";"Totaal burgerlijke staat";"2021";"Warmenhuizen";
"Totaal mannen en vrouwen";"Totaal";"Totaal burgerlijke staat";"2021";"Warmond";
"Totaal mannen en vrouwen";"Totaal";"Totaal burgerlijke staat";"2021";"Warnsveld";
"Totaal mannen en vrouwen";"Totaal";"Totaal burgerlijke staat";"2021";"Waspik";
"Totaal mannen en vrouwen";"Totaal";"Totaal burgerlijke staat";"2021";"Wassenaar";26949
"Totaal mannen en vrouwen";"Totaal";"Totaal burgerlijke staat";"2021";"Wateringen";
"Totaal mannen en vrouwen";"Totaal";"Totaal burgerlijke staat";"2021";"Waterland";17312
"Totaal mannen en vrouwen";"Totaal";"Totaal burgerlijke staat";"2021";"Weerselo";
"Totaal mannen en vrouwen";"Totaal";"Totaal burgerlijke staat";"2021";"Weert";50011
"Totaal mannen en vrouwen";"Totaal";"Totaal burgerlijke staat";"2021";"Weesp";20445
"Totaal mannen en vrouwen";"Totaal";"Totaal burgerlijke staat";"2021";"Wehl";
"Totaal mannen en vrouwen";"Totaal";"Totaal burgerlijke staat";"2021";"Werkendam";
"Totaal mannen en vrouwen";"Totaal";"Totaal burgerlijke staat";"2021";"Wervershoof";
"Totaal mannen en vrouwen";"Totaal";"Totaal burgerlijke staat";"2021";"Wessem";
"Totaal mannen en vrouwen";"Totaal";"Totaal burgerlijke staat";"2021";"West Betuwe";51496
"Totaal mannen en vrouwen";"Totaal";"Totaal burgerlijke staat";"2021";"West Maas en Waal";19581
"Totaal mannen en vrouwen";"Totaal";"Totaal burgerlijke staat";"2021";"Westerbork";
"Totaal mannen en vrouwen";"Totaal";"Totaal burgerlijke staat";"2021";"Westerhoven";
"Totaal mannen en vrouwen";"Totaal";"Totaal burgerlijke staat";"2021";"Wester-Koggenland";
"Totaal mannen en vrouwen";"Totaal";"Totaal burgerlijke staat";"2021";"Westerkwartier";63678
"Totaal mannen en vrouwen";"Totaal";"Totaal burgerlijke staat";"2021";"Westerschouwen";
"Totaal mannen en vrouwen";"Totaal";"Totaal burgerlijke staat";"2021";"Westerveld";19661
"Totaal mannen en vrouwen";"Totaal";"Totaal burgerlijke staat";"2021";"Westervoort";15014
"Totaal mannen en vrouwen";"Totaal";"Totaal burgerlijke staat";"2021";"Westerwolde";26215
"Totaal mannen en vrouwen";"Totaal";"Totaal burgerlijke staat";"2021";"Westkapelle";
"Totaal mannen en vrouwen";"Totaal";"Totaal burgerlijke staat";"2021";"Westland";111382
"Totaal mannen en vrouwen";"Totaal";"Totaal burgerlijke staat";"2021";"Weststellingwerf";26130
"Totaal mannen en vrouwen";"Totaal";"Totaal burgerlijke staat";"2021";"Westvoorne";14900
"Totaal mannen en vrouwen";"Totaal";"Totaal burgerlijke staat";"2021";"Wierden";24538
"Totaal mannen en vrouwen";"Totaal";"Totaal burgerlijke staat";"2021";"Wieringen";
"Totaal mannen en vrouwen";"Totaal";"Totaal burgerlijke staat";"2021";"Wieringermeer";
"Totaal mannen en vrouwen";"Totaal";"Totaal burgerlijke staat";"2021";"Wijchen";41261
"Totaal mannen en vrouwen";"Totaal";"Totaal burgerlijke staat";"2021";"Wijdemeren";24463
"Totaal mannen en vrouwen";"Totaal";"Totaal burgerlijke staat";"2021";"Wijdewormer";
"Totaal mannen en vrouwen";"Totaal";"Totaal burgerlijke staat";"2021";"Wijhe";
"Totaal mannen en vrouwen";"Totaal";"Totaal burgerlijke staat";"2021";"De Wijk";
"Totaal mannen en vrouwen";"Totaal";"Totaal burgerlijke staat";"2021";"Wijk bij Duurstede";23925
"Totaal mannen en vrouwen";"Totaal";"Totaal burgerlijke staat";"2021";"Willemstad";
"Totaal mannen en vrouwen";"Totaal";"Totaal burgerlijke staat";"2021";"Willeskop";
"Totaal mannen en vrouwen";"Totaal";"Totaal burgerlijke staat";"2021";"Wilnis";
"Totaal mannen en vrouwen";"Totaal";"Totaal burgerlijke staat";"2021";"Winschoten";
"Totaal mannen en vrouwen";"Totaal";"Totaal burgerlijke staat";"2021";"Winsum";
"Totaal mannen en vrouwen";"Totaal";"Totaal burgerlijke staat";"2021";"Winterswijk";29022
"Totaal mannen en vrouwen";"Totaal";"Totaal burgerlijke staat";"2021";"Wisch";
"Totaal mannen en vrouwen";"Totaal";"Totaal burgerlijke staat";"2021";"Wissenkerke";
"Totaal mannen en vrouwen";"Totaal";"Totaal burgerlijke staat";"2021";"Wittem";
"Totaal mannen en vrouwen";"Totaal";"Totaal burgerlijke staat";"2021";"Woensdrecht";22028
"Totaal mannen en vrouwen";"Totaal";"Totaal burgerlijke staat";"2021";"Woerden";52694
"Totaal mannen en vrouwen";"Totaal";"Totaal burgerlijke staat";"2021";"Wognum";
"Totaal mannen en vrouwen";"Totaal";"Totaal burgerlijke staat";"2021";"De Wolden";24374
"Totaal mannen en vrouwen";"Totaal";"Totaal burgerlijke staat";"2021";"Wormer";
"Totaal mannen en vrouwen";"Totaal";"Totaal burgerlijke staat";"2021";"Wormerland";16333
"Totaal mannen en vrouwen";"Totaal";"Totaal burgerlijke staat";"2021";"Woubrugge";
"Totaal mannen en vrouwen";"Totaal";"Totaal burgerlijke staat";"2021";"Woudenberg";13639
"Totaal mannen en vrouwen";"Totaal";"Totaal burgerlijke staat";"2021";"Woudrichem";
"Totaal mannen en vrouwen";"Totaal";"Totaal burgerlijke staat";"2021";"Wouw";
"Totaal mannen en vrouwen";"Totaal";"Totaal burgerlijke staat";"2021";"Wûnseradiel";
"Totaal mannen en vrouwen";"Totaal";"Totaal burgerlijke staat";"2021";"Wymbritseradiel";
"Totaal mannen en vrouwen";"Totaal";"Totaal burgerlijke staat";"2021";"Zaanstad";156901
"Totaal mannen en vrouwen";"Totaal";"Totaal burgerlijke staat";"2021";"Zaltbommel";29447
"Totaal mannen en vrouwen";"Totaal";"Totaal burgerlijke staat";"2021";"'t Zandt";
"Totaal mannen en vrouwen";"Totaal";"Totaal burgerlijke staat";"2021";"Zandvoort";17168
"Totaal mannen en vrouwen";"Totaal";"Totaal burgerlijke staat";"2021";"Zederik";
"Totaal mannen en vrouwen";"Totaal";"Totaal burgerlijke staat";"2021";"Zeeland";
"Totaal mannen en vrouwen";"Totaal";"Totaal burgerlijke staat";"2021";"Zeevang";
"Totaal mannen en vrouwen";"Totaal";"Totaal burgerlijke staat";"2021";"Zeewolde";22879
"Totaal mannen en vrouwen";"Totaal";"Totaal burgerlijke staat";"2021";"Zegveld";
"Totaal mannen en vrouwen";"Totaal";"Totaal burgerlijke staat";"2021";"Zeist";65043
"Totaal mannen en vrouwen";"Totaal";"Totaal burgerlijke staat";"2021";"Zelhem";
"Totaal mannen en vrouwen";"Totaal";"Totaal burgerlijke staat";"2021";"Zevenaar";44096
"Totaal mannen en vrouwen";"Totaal";"Totaal burgerlijke staat";"2021";"Zevenbergen";
"Totaal mannen en vrouwen";"Totaal";"Totaal burgerlijke staat";"2021";"Zevenhoven";
"Totaal mannen en vrouwen";"Totaal";"Totaal burgerlijke staat";"2021";"Zevenhuizen";
"Totaal mannen en vrouwen";"Totaal";"Totaal burgerlijke staat";"2021";"Zevenhuizen-Moerkapelle";
"Totaal mannen en vrouwen";"Totaal";"Totaal burgerlijke staat";"2021";"Zierikzee";
"Totaal mannen en vrouwen";"Totaal";"Totaal burgerlijke staat";"2021";"Zijpe";
"Totaal mannen en vrouwen";"Totaal";"Totaal burgerlijke staat";"2021";"Zoetermeer";125267
"Totaal mannen en vrouwen";"Totaal";"Totaal burgerlijke staat";"2021";"Zoeterwoude";8843
"Totaal mannen en vrouwen";"Totaal";"Totaal burgerlijke staat";"2021";"Zuidhorn";
"Totaal mannen en vrouwen";"Totaal";"Totaal burgerlijke staat";"2021";"Zuidlaren";
"Totaal mannen en vrouwen";"Totaal";"Totaal burgerlijke staat";"2021";"Zuidplas";45064
"Totaal mannen en vrouwen";"Totaal";"Totaal burgerlijke staat";"2021";"Zuidwolde";
"Totaal mannen en vrouwen";"Totaal";"Totaal burgerlijke staat";"2021";"Zundert";21988
"Totaal mannen en vrouwen";"Totaal";"Totaal burgerlijke staat";"2021";"Zutphen";48111
"Totaal mannen en vrouwen";"Totaal";"Totaal burgerlijke staat";"2021";"Zwartewaterland";22823
"Totaal mannen en vrouwen";"Totaal";"Totaal burgerlijke staat";"2021";"Zwartsluis";
"Totaal mannen en vrouwen";"Totaal";"Totaal burgerlijke staat";"2021";"Zweeloo";
"Totaal mannen en vrouwen";"Totaal";"Totaal burgerlijke staat";"2021";"Zwijndrecht";44775
"Totaal mannen en vrouwen";"Totaal";"Totaal burgerlijke staat";"2021";"Zwolle";129840
"Totaal mannen en vrouwen";"Totaal";"Totaal burgerlijke staat";"2021";"Centraal persoonsregister (CPR)";
